Year,State/Territory,Season,Sunshine
2007,Australian Capital Territory,Spring,8.0
2007,Australian Capital Territory,Spring,8.0
2007,Australian Capital Territory,Spring,8.0
2007,Australian Capital Territory,Spring,8.0
2007,Australian Capital Territory,Spring,8.0
2007,Australian Capital Territory,Spring,8.0
2007,Australian Capital Territory,Spring,8.0
2007,Australian Capital Territory,Spring,8.0
2007,Australian Capital Territory,Summer,8.0
2007,Australian Capital Territory,Summer,8.0
2007,Australian Capital Territory,Summer,8.0
2007,Australian Capital Territory,Summer,8.0
2007,Australian Capital Territory,Summer,8.0
2007,Australian Capital Territory,Summer,8.0
2007,Australian Capital Territory,Summer,8.0
2007,Australian Capital Territory,Summer,8.0
2008,Australian Capital Territory,Autumn,8.0
2008,Australian Capital Territory,Autumn,8.0
2008,Australian Capital Territory,Autumn,8.0
2008,Australian Capital Territory,Autumn,8.0
2008,Australian Capital Territory,Autumn,8.0
2008,Australian Capital Territory,Autumn,8.0
2008,Australian Capital Territory,Autumn,8.0
2008,Australian Capital Territory,Autumn,8.0
2008,Australian Capital Territory,Spring,9.0
2008,Australian Capital Territory,Spring,9.0
2008,Australian Capital Territory,Spring,9.0
2008,Australian Capital Territory,Spring,9.0
2008,Australian Capital Territory,Spring,9.0
2008,Australian Capital Territory,Spring,9.0
2008,Australian Capital Territory,Spring,9.0
2008,Australian Capital Territory,Spring,9.0
2008,Australian Capital Territory,Spring,9.0
2008,Australian Capital Territory,Summer,9.0
2008,Australian Capital Territory,Summer,9.0
2008,Australian Capital Territory,Summer,9.0
2008,Australian Capital Territory,Summer,9.0
2008,Australian Capital Territory,Summer,9.0
2008,Australian Capital Territory,Summer,9.0
2008,Australian Capital Territory,Summer,9.0
2008,Australian Capital Territory,Summer,9.0
2008,Australian Capital Territory,Summer,9.0
2008,Australian Capital Territory,Winter,6.0
2008,Australian Capital Territory,Winter,6.0
2008,Australian Capital Territory,Winter,6.0
2008,Australian Capital Territory,Winter,6.0
2008,Australian Capital Territory,Winter,6.0
2008,Australian Capital Territory,Winter,6.0
2008,New South Wales,Autumn,8.0
2008,New South Wales,Autumn,8.0
2008,New South Wales,Autumn,8.0
2008,New South Wales,Autumn,8.0
2008,New South Wales,Autumn,8.0
2008,New South Wales,Autumn,8.0
2008,New South Wales,Autumn,8.0
2008,New South Wales,Autumn,8.0
2008,New South Wales,Spring,8.0
2008,New South Wales,Spring,8.0
2008,New South Wales,Spring,8.0
2008,New South Wales,Spring,8.0
2008,New South Wales,Spring,8.0
2008,New South Wales,Spring,8.0
2008,New South Wales,Spring,8.0
2008,New South Wales,Spring,8.0
2008,New South Wales,Summer,7.0
2008,New South Wales,Summer,7.0
2008,New South Wales,Summer,7.0
2008,New South Wales,Summer,7.0
2008,New South Wales,Summer,7.0
2008,New South Wales,Summer,7.0
2008,New South Wales,Summer,7.0
2008,New South Wales,Winter,6.0
2008,New South Wales,Winter,6.0
2008,New South Wales,Winter,6.0
2008,New South Wales,Winter,6.0
2008,New South Wales,Winter,6.0
2008,New South Wales,Winter,6.0
2008,Northern Territory,Spring,9.0
2008,Northern Territory,Spring,9.0
2008,Northern Territory,Spring,9.0
2008,Northern Territory,Spring,9.0
2008,Northern Territory,Spring,9.0
2008,Northern Territory,Spring,9.0
2008,Northern Territory,Spring,9.0
2008,Northern Territory,Spring,9.0
2008,Northern Territory,Spring,9.0
2008,Northern Territory,Summer,7.0
2008,Northern Territory,Summer,7.0
2008,Northern Territory,Summer,7.0
2008,Northern Territory,Summer,7.0
2008,Northern Territory,Summer,7.0
2008,Northern Territory,Summer,7.0
2008,Northern Territory,Summer,7.0
2008,Northern Territory,Winter,10.0
2008,Northern Territory,Winter,10.0
2008,Northern Territory,Winter,10.0
2008,Northern Territory,Winter,10.0
2008,Northern Territory,Winter,10.0
2008,Northern Territory,Winter,10.0
2008,Northern Territory,Winter,10.0
2008,Northern Territory,Winter,10.0
2008,Northern Territory,Winter,10.0
2008,Northern Territory,Winter,10.0
2008,Queensland,Spring,8.0
2008,Queensland,Spring,8.0
2008,Queensland,Spring,8.0
2008,Queensland,Spring,8.0
2008,Queensland,Spring,8.0
2008,Queensland,Spring,8.0
2008,Queensland,Spring,8.0
2008,Queensland,Spring,8.0
2008,Queensland,Summer,9.0
2008,Queensland,Summer,9.0
2008,Queensland,Summer,9.0
2008,Queensland,Summer,9.0
2008,Queensland,Summer,9.0
2008,Queensland,Summer,9.0
2008,Queensland,Summer,9.0
2008,Queensland,Summer,9.0
2008,Queensland,Summer,9.0
2008,Queensland,Winter,7.0
2008,Queensland,Winter,7.0
2008,Queensland,Winter,7.0
2008,Queensland,Winter,7.0
2008,Queensland,Winter,7.0
2008,Queensland,Winter,7.0
2008,Queensland,Winter,7.0
2008,South Australia,Spring,9.0
2008,South Australia,Spring,9.0
2008,South Australia,Spring,9.0
2008,South Australia,Spring,9.0
2008,South Australia,Spring,9.0
2008,South Australia,Spring,9.0
2008,South Australia,Spring,9.0
2008,South Australia,Spring,9.0
2008,South Australia,Spring,9.0
2008,South Australia,Summer,8.0
2008,South Australia,Summer,8.0
2008,South Australia,Summer,8.0
2008,South Australia,Summer,8.0
2008,South Australia,Summer,8.0
2008,South Australia,Summer,8.0
2008,South Australia,Summer,8.0
2008,South Australia,Summer,8.0
2008,South Australia,Winter,5.0
2008,South Australia,Winter,5.0
2008,South Australia,Winter,5.0
2008,South Australia,Winter,5.0
2008,South Australia,Winter,5.0
2008,Tasmania,Spring,8.0
2008,Tasmania,Spring,8.0
2008,Tasmania,Spring,8.0
2008,Tasmania,Spring,8.0
2008,Tasmania,Spring,8.0
2008,Tasmania,Spring,8.0
2008,Tasmania,Spring,8.0
2008,Tasmania,Spring,8.0
2008,Tasmania,Summer,9.0
2008,Tasmania,Summer,9.0
2008,Tasmania,Summer,9.0
2008,Tasmania,Summer,9.0
2008,Tasmania,Summer,9.0
2008,Tasmania,Summer,9.0
2008,Tasmania,Summer,9.0
2008,Tasmania,Summer,9.0
2008,Tasmania,Summer,9.0
2008,Tasmania,Winter,6.0
2008,Tasmania,Winter,6.0
2008,Tasmania,Winter,6.0
2008,Tasmania,Winter,6.0
2008,Tasmania,Winter,6.0
2008,Tasmania,Winter,6.0
2008,Victoria,Spring,7.0
2008,Victoria,Spring,7.0
2008,Victoria,Spring,7.0
2008,Victoria,Spring,7.0
2008,Victoria,Spring,7.0
2008,Victoria,Spring,7.0
2008,Victoria,Spring,7.0
2008,Victoria,Summer,8.0
2008,Victoria,Summer,8.0
2008,Victoria,Summer,8.0
2008,Victoria,Summer,8.0
2008,Victoria,Summer,8.0
2008,Victoria,Summer,8.0
2008,Victoria,Summer,8.0
2008,Victoria,Summer,8.0
2008,Victoria,Winter,5.0
2008,Victoria,Winter,5.0
2008,Victoria,Winter,5.0
2008,Victoria,Winter,5.0
2008,Victoria,Winter,5.0
2008,Western Australia,Spring,9.0
2008,Western Australia,Spring,9.0
2008,Western Australia,Spring,9.0
2008,Western Australia,Spring,9.0
2008,Western Australia,Spring,9.0
2008,Western Australia,Spring,9.0
2008,Western Australia,Spring,9.0
2008,Western Australia,Spring,9.0
2008,Western Australia,Spring,9.0
2008,Western Australia,Summer,11.0
2008,Western Australia,Summer,11.0
2008,Western Australia,Summer,11.0
2008,Western Australia,Summer,11.0
2008,Western Australia,Summer,11.0
2008,Western Australia,Summer,11.0
2008,Western Australia,Summer,11.0
2008,Western Australia,Summer,11.0
2008,Western Australia,Summer,11.0
2008,Western Australia,Summer,11.0
2008,Western Australia,Summer,11.0
2008,Western Australia,Winter,7.0
2008,Western Australia,Winter,7.0
2008,Western Australia,Winter,7.0
2008,Western Australia,Winter,7.0
2008,Western Australia,Winter,7.0
2008,Western Australia,Winter,7.0
2008,Western Australia,Winter,7.0
2009,Australian Capital Territory,Autumn,7.0
2009,Australian Capital Territory,Autumn,7.0
2009,Australian Capital Territory,Autumn,7.0
2009,Australian Capital Territory,Autumn,7.0
2009,Australian Capital Territory,Autumn,7.0
2009,Australian Capital Territory,Autumn,7.0
2009,Australian Capital Territory,Autumn,7.0
2009,Australian Capital Territory,Summer,10.0
2009,Australian Capital Territory,Summer,10.0
2009,Australian Capital Territory,Summer,10.0
2009,Australian Capital Territory,Summer,10.0
2009,Australian Capital Territory,Summer,10.0
2009,Australian Capital Territory,Summer,10.0
2009,Australian Capital Territory,Summer,10.0
2009,Australian Capital Territory,Summer,10.0
2009,Australian Capital Territory,Summer,10.0
2009,Australian Capital Territory,Summer,10.0
2009,Australian Capital Territory,Winter,5.0
2009,Australian Capital Territory,Winter,5.0
2009,Australian Capital Territory,Winter,5.0
2009,Australian Capital Territory,Winter,5.0
2009,Australian Capital Territory,Winter,5.0
2009,New South Wales,Autumn,7.0
2009,New South Wales,Autumn,7.0
2009,New South Wales,Autumn,7.0
2009,New South Wales,Autumn,7.0
2009,New South Wales,Autumn,7.0
2009,New South Wales,Autumn,7.0
2009,New South Wales,Autumn,7.0
2009,New South Wales,Spring,8.0
2009,New South Wales,Spring,8.0
2009,New South Wales,Spring,8.0
2009,New South Wales,Spring,8.0
2009,New South Wales,Spring,8.0
2009,New South Wales,Spring,8.0
2009,New South Wales,Spring,8.0
2009,New South Wales,Spring,8.0
2009,New South Wales,Summer,9.0
2009,New South Wales,Summer,9.0
2009,New South Wales,Summer,9.0
2009,New South Wales,Summer,9.0
2009,New South Wales,Summer,9.0
2009,New South Wales,Summer,9.0
2009,New South Wales,Summer,9.0
2009,New South Wales,Summer,9.0
2009,New South Wales,Summer,9.0
2009,New South Wales,Winter,7.0
2009,New South Wales,Winter,7.0
2009,New South Wales,Winter,7.0
2009,New South Wales,Winter,7.0
2009,New South Wales,Winter,7.0
2009,New South Wales,Winter,7.0
2009,New South Wales,Winter,7.0
2009,Northern Territory,Autumn,9.0
2009,Northern Territory,Autumn,9.0
2009,Northern Territory,Autumn,9.0
2009,Northern Territory,Autumn,9.0
2009,Northern Territory,Autumn,9.0
2009,Northern Territory,Autumn,9.0
2009,Northern Territory,Autumn,9.0
2009,Northern Territory,Autumn,9.0
2009,Northern Territory,Autumn,9.0
2009,Northern Territory,Spring,10.0
2009,Northern Territory,Spring,10.0
2009,Northern Territory,Spring,10.0
2009,Northern Territory,Spring,10.0
2009,Northern Territory,Spring,10.0
2009,Northern Territory,Spring,10.0
2009,Northern Territory,Spring,10.0
2009,Northern Territory,Spring,10.0
2009,Northern Territory,Spring,10.0
2009,Northern Territory,Spring,10.0
2009,Northern Territory,Summer,8.0
2009,Northern Territory,Summer,8.0
2009,Northern Territory,Summer,8.0
2009,Northern Territory,Summer,8.0
2009,Northern Territory,Summer,8.0
2009,Northern Territory,Summer,8.0
2009,Northern Territory,Summer,8.0
2009,Northern Territory,Summer,8.0
2009,Northern Territory,Winter,10.0
2009,Northern Territory,Winter,10.0
2009,Northern Territory,Winter,10.0
2009,Northern Territory,Winter,10.0
2009,Northern Territory,Winter,10.0
2009,Northern Territory,Winter,10.0
2009,Northern Territory,Winter,10.0
2009,Northern Territory,Winter,10.0
2009,Northern Territory,Winter,10.0
2009,Northern Territory,Winter,10.0
2009,Queensland,Autumn,8.0
2009,Queensland,Autumn,8.0
2009,Queensland,Autumn,8.0
2009,Queensland,Autumn,8.0
2009,Queensland,Autumn,8.0
2009,Queensland,Autumn,8.0
2009,Queensland,Autumn,8.0
2009,Queensland,Autumn,8.0
2009,Queensland,Spring,10.0
2009,Queensland,Spring,10.0
2009,Queensland,Spring,10.0
2009,Queensland,Spring,10.0
2009,Queensland,Spring,10.0
2009,Queensland,Spring,10.0
2009,Queensland,Spring,10.0
2009,Queensland,Spring,10.0
2009,Queensland,Spring,10.0
2009,Queensland,Spring,10.0
2009,Queensland,Summer,7.0
2009,Queensland,Summer,7.0
2009,Queensland,Summer,7.0
2009,Queensland,Summer,7.0
2009,Queensland,Summer,7.0
2009,Queensland,Summer,7.0
2009,Queensland,Summer,7.0
2009,Queensland,Winter,9.0
2009,Queensland,Winter,9.0
2009,Queensland,Winter,9.0
2009,Queensland,Winter,9.0
2009,Queensland,Winter,9.0
2009,Queensland,Winter,9.0
2009,Queensland,Winter,9.0
2009,Queensland,Winter,9.0
2009,Queensland,Winter,9.0
2009,South Australia,Autumn,7.0
2009,South Australia,Autumn,7.0
2009,South Australia,Autumn,7.0
2009,South Australia,Autumn,7.0
2009,South Australia,Autumn,7.0
2009,South Australia,Autumn,7.0
2009,South Australia,Autumn,7.0
2009,South Australia,Spring,8.0
2009,South Australia,Spring,8.0
2009,South Australia,Spring,8.0
2009,South Australia,Spring,8.0
2009,South Australia,Spring,8.0
2009,South Australia,Spring,8.0
2009,South Australia,Spring,8.0
2009,South Australia,Spring,8.0
2009,South Australia,Summer,11.0
2009,South Australia,Summer,11.0
2009,South Australia,Summer,11.0
2009,South Australia,Summer,11.0
2009,South Australia,Summer,11.0
2009,South Australia,Summer,11.0
2009,South Australia,Summer,11.0
2009,South Australia,Summer,11.0
2009,South Australia,Summer,11.0
2009,South Australia,Summer,11.0
2009,South Australia,Summer,11.0
2009,South Australia,Winter,6.0
2009,South Australia,Winter,6.0
2009,South Australia,Winter,6.0
2009,South Australia,Winter,6.0
2009,South Australia,Winter,6.0
2009,South Australia,Winter,6.0
2009,Tasmania,Autumn,6.0
2009,Tasmania,Autumn,6.0
2009,Tasmania,Autumn,6.0
2009,Tasmania,Autumn,6.0
2009,Tasmania,Autumn,6.0
2009,Tasmania,Autumn,6.0
2009,Tasmania,Spring,7.0
2009,Tasmania,Spring,7.0
2009,Tasmania,Spring,7.0
2009,Tasmania,Spring,7.0
2009,Tasmania,Spring,7.0
2009,Tasmania,Spring,7.0
2009,Tasmania,Spring,7.0
2009,Tasmania,Summer,8.0
2009,Tasmania,Summer,8.0
2009,Tasmania,Summer,8.0
2009,Tasmania,Summer,8.0
2009,Tasmania,Summer,8.0
2009,Tasmania,Summer,8.0
2009,Tasmania,Summer,8.0
2009,Tasmania,Summer,8.0
2009,Tasmania,Winter,4.0
2009,Tasmania,Winter,4.0
2009,Tasmania,Winter,4.0
2009,Tasmania,Winter,4.0
2009,Victoria,Autumn,6.0
2009,Victoria,Autumn,6.0
2009,Victoria,Autumn,6.0
2009,Victoria,Autumn,6.0
2009,Victoria,Autumn,6.0
2009,Victoria,Autumn,6.0
2009,Victoria,Spring,8.0
2009,Victoria,Spring,8.0
2009,Victoria,Spring,8.0
2009,Victoria,Spring,8.0
2009,Victoria,Spring,8.0
2009,Victoria,Spring,8.0
2009,Victoria,Spring,8.0
2009,Victoria,Spring,8.0
2009,Victoria,Summer,10.0
2009,Victoria,Summer,10.0
2009,Victoria,Summer,10.0
2009,Victoria,Summer,10.0
2009,Victoria,Summer,10.0
2009,Victoria,Summer,10.0
2009,Victoria,Summer,10.0
2009,Victoria,Summer,10.0
2009,Victoria,Summer,10.0
2009,Victoria,Summer,10.0
2009,Victoria,Winter,5.0
2009,Victoria,Winter,5.0
2009,Victoria,Winter,5.0
2009,Victoria,Winter,5.0
2009,Victoria,Winter,5.0
2009,Western Australia,Autumn,9.0
2009,Western Australia,Autumn,9.0
2009,Western Australia,Autumn,9.0
2009,Western Australia,Autumn,9.0
2009,Western Australia,Autumn,9.0
2009,Western Australia,Autumn,9.0
2009,Western Australia,Autumn,9.0
2009,Western Australia,Autumn,9.0
2009,Western Australia,Autumn,9.0
2009,Western Australia,Spring,8.0
2009,Western Australia,Spring,8.0
2009,Western Australia,Spring,8.0
2009,Western Australia,Spring,8.0
2009,Western Australia,Spring,8.0
2009,Western Australia,Spring,8.0
2009,Western Australia,Spring,8.0
2009,Western Australia,Spring,8.0
2009,Western Australia,Summer,11.0
2009,Western Australia,Summer,11.0
2009,Western Australia,Summer,11.0
2009,Western Australia,Summer,11.0
2009,Western Australia,Summer,11.0
2009,Western Australia,Summer,11.0
2009,Western Australia,Summer,11.0
2009,Western Australia,Summer,11.0
2009,Western Australia,Summer,11.0
2009,Western Australia,Summer,11.0
2009,Western Australia,Summer,11.0
2009,Western Australia,Winter,6.0
2009,Western Australia,Winter,6.0
2009,Western Australia,Winter,6.0
2009,Western Australia,Winter,6.0
2009,Western Australia,Winter,6.0
2009,Western Australia,Winter,6.0
2010,Australian Capital Territory,Autumn,8.0
2010,Australian Capital Territory,Autumn,8.0
2010,Australian Capital Territory,Autumn,8.0
2010,Australian Capital Territory,Autumn,8.0
2010,Australian Capital Territory,Autumn,8.0
2010,Australian Capital Territory,Autumn,8.0
2010,Australian Capital Territory,Autumn,8.0
2010,Australian Capital Territory,Autumn,8.0
2010,Australian Capital Territory,Spring,7.0
2010,Australian Capital Territory,Spring,7.0
2010,Australian Capital Territory,Spring,7.0
2010,Australian Capital Territory,Spring,7.0
2010,Australian Capital Territory,Spring,7.0
2010,Australian Capital Territory,Spring,7.0
2010,Australian Capital Territory,Spring,7.0
2010,Australian Capital Territory,Summer,9.0
2010,Australian Capital Territory,Summer,9.0
2010,Australian Capital Territory,Summer,9.0
2010,Australian Capital Territory,Summer,9.0
2010,Australian Capital Territory,Summer,9.0
2010,Australian Capital Territory,Summer,9.0
2010,Australian Capital Territory,Summer,9.0
2010,Australian Capital Territory,Summer,9.0
2010,Australian Capital Territory,Summer,9.0
2010,Australian Capital Territory,Winter,6.0
2010,Australian Capital Territory,Winter,6.0
2010,Australian Capital Territory,Winter,6.0
2010,Australian Capital Territory,Winter,6.0
2010,Australian Capital Territory,Winter,6.0
2010,Australian Capital Territory,Winter,6.0
2010,New South Wales,Autumn,7.0
2010,New South Wales,Autumn,7.0
2010,New South Wales,Autumn,7.0
2010,New South Wales,Autumn,7.0
2010,New South Wales,Autumn,7.0
2010,New South Wales,Autumn,7.0
2010,New South Wales,Autumn,7.0
2010,New South Wales,Spring,7.0
2010,New South Wales,Spring,7.0
2010,New South Wales,Spring,7.0
2010,New South Wales,Spring,7.0
2010,New South Wales,Spring,7.0
2010,New South Wales,Spring,7.0
2010,New South Wales,Spring,7.0
2010,New South Wales,Summer,8.0
2010,New South Wales,Summer,8.0
2010,New South Wales,Summer,8.0
2010,New South Wales,Summer,8.0
2010,New South Wales,Summer,8.0
2010,New South Wales,Summer,8.0
2010,New South Wales,Summer,8.0
2010,New South Wales,Summer,8.0
2010,New South Wales,Winter,6.0
2010,New South Wales,Winter,6.0
2010,New South Wales,Winter,6.0
2010,New South Wales,Winter,6.0
2010,New South Wales,Winter,6.0
2010,New South Wales,Winter,6.0
2010,Northern Territory,Autumn,8.0
2010,Northern Territory,Autumn,8.0
2010,Northern Territory,Autumn,8.0
2010,Northern Territory,Autumn,8.0
2010,Northern Territory,Autumn,8.0
2010,Northern Territory,Autumn,8.0
2010,Northern Territory,Autumn,8.0
2010,Northern Territory,Autumn,8.0
2010,Northern Territory,Spring,9.0
2010,Northern Territory,Spring,9.0
2010,Northern Territory,Spring,9.0
2010,Northern Territory,Spring,9.0
2010,Northern Territory,Spring,9.0
2010,Northern Territory,Spring,9.0
2010,Northern Territory,Spring,9.0
2010,Northern Territory,Spring,9.0
2010,Northern Territory,Spring,9.0
2010,Northern Territory,Summer,8.0
2010,Northern Territory,Summer,8.0
2010,Northern Territory,Summer,8.0
2010,Northern Territory,Summer,8.0
2010,Northern Territory,Summer,8.0
2010,Northern Territory,Summer,8.0
2010,Northern Territory,Summer,8.0
2010,Northern Territory,Summer,8.0
2010,Northern Territory,Winter,9.0
2010,Northern Territory,Winter,9.0
2010,Northern Territory,Winter,9.0
2010,Northern Territory,Winter,9.0
2010,Northern Territory,Winter,9.0
2010,Northern Territory,Winter,9.0
2010,Northern Territory,Winter,9.0
2010,Northern Territory,Winter,9.0
2010,Northern Territory,Winter,9.0
2010,Queensland,Autumn,6.0
2010,Queensland,Autumn,6.0
2010,Queensland,Autumn,6.0
2010,Queensland,Autumn,6.0
2010,Queensland,Autumn,6.0
2010,Queensland,Autumn,6.0
2010,Queensland,Spring,7.0
2010,Queensland,Spring,7.0
2010,Queensland,Spring,7.0
2010,Queensland,Spring,7.0
2010,Queensland,Spring,7.0
2010,Queensland,Spring,7.0
2010,Queensland,Spring,7.0
2010,Queensland,Summer,7.0
2010,Queensland,Summer,7.0
2010,Queensland,Summer,7.0
2010,Queensland,Summer,7.0
2010,Queensland,Summer,7.0
2010,Queensland,Summer,7.0
2010,Queensland,Summer,7.0
2010,Queensland,Winter,7.0
2010,Queensland,Winter,7.0
2010,Queensland,Winter,7.0
2010,Queensland,Winter,7.0
2010,Queensland,Winter,7.0
2010,Queensland,Winter,7.0
2010,Queensland,Winter,7.0
2010,South Australia,Autumn,7.0
2010,South Australia,Autumn,7.0
2010,South Australia,Autumn,7.0
2010,South Australia,Autumn,7.0
2010,South Australia,Autumn,7.0
2010,South Australia,Autumn,7.0
2010,South Australia,Autumn,7.0
2010,South Australia,Spring,7.0
2010,South Australia,Spring,7.0
2010,South Australia,Spring,7.0
2010,South Australia,Spring,7.0
2010,South Australia,Spring,7.0
2010,South Australia,Spring,7.0
2010,South Australia,Spring,7.0
2010,South Australia,Summer,10.0
2010,South Australia,Summer,10.0
2010,South Australia,Summer,10.0
2010,South Australia,Summer,10.0
2010,South Australia,Summer,10.0
2010,South Australia,Summer,10.0
2010,South Australia,Summer,10.0
2010,South Australia,Summer,10.0
2010,South Australia,Summer,10.0
2010,South Australia,Summer,10.0
2010,South Australia,Winter,6.0
2010,South Australia,Winter,6.0
2010,South Australia,Winter,6.0
2010,South Australia,Winter,6.0
2010,South Australia,Winter,6.0
2010,South Australia,Winter,6.0
2010,Tasmania,Autumn,6.0
2010,Tasmania,Autumn,6.0
2010,Tasmania,Autumn,6.0
2010,Tasmania,Autumn,6.0
2010,Tasmania,Autumn,6.0
2010,Tasmania,Autumn,6.0
2010,Tasmania,Spring,7.0
2010,Tasmania,Spring,7.0
2010,Tasmania,Spring,7.0
2010,Tasmania,Spring,7.0
2010,Tasmania,Spring,7.0
2010,Tasmania,Spring,7.0
2010,Tasmania,Spring,7.0
2010,Tasmania,Summer,8.0
2010,Tasmania,Summer,8.0
2010,Tasmania,Summer,8.0
2010,Tasmania,Summer,8.0
2010,Tasmania,Summer,8.0
2010,Tasmania,Summer,8.0
2010,Tasmania,Summer,8.0
2010,Tasmania,Summer,8.0
2010,Tasmania,Winter,6.0
2010,Tasmania,Winter,6.0
2010,Tasmania,Winter,6.0
2010,Tasmania,Winter,6.0
2010,Tasmania,Winter,6.0
2010,Tasmania,Winter,6.0
2010,Victoria,Autumn,6.0
2010,Victoria,Autumn,6.0
2010,Victoria,Autumn,6.0
2010,Victoria,Autumn,6.0
2010,Victoria,Autumn,6.0
2010,Victoria,Autumn,6.0
2010,Victoria,Spring,7.0
2010,Victoria,Spring,7.0
2010,Victoria,Spring,7.0
2010,Victoria,Spring,7.0
2010,Victoria,Spring,7.0
2010,Victoria,Spring,7.0
2010,Victoria,Spring,7.0
2010,Victoria,Summer,9.0
2010,Victoria,Summer,9.0
2010,Victoria,Summer,9.0
2010,Victoria,Summer,9.0
2010,Victoria,Summer,9.0
2010,Victoria,Summer,9.0
2010,Victoria,Summer,9.0
2010,Victoria,Summer,9.0
2010,Victoria,Summer,9.0
2010,Victoria,Winter,5.0
2010,Victoria,Winter,5.0
2010,Victoria,Winter,5.0
2010,Victoria,Winter,5.0
2010,Victoria,Winter,5.0
2010,Western Australia,Autumn,8.0
2010,Western Australia,Autumn,8.0
2010,Western Australia,Autumn,8.0
2010,Western Australia,Autumn,8.0
2010,Western Australia,Autumn,8.0
2010,Western Australia,Autumn,8.0
2010,Western Australia,Autumn,8.0
2010,Western Australia,Autumn,8.0
2010,Western Australia,Spring,10.0
2010,Western Australia,Spring,10.0
2010,Western Australia,Spring,10.0
2010,Western Australia,Spring,10.0
2010,Western Australia,Spring,10.0
2010,Western Australia,Spring,10.0
2010,Western Australia,Spring,10.0
2010,Western Australia,Spring,10.0
2010,Western Australia,Spring,10.0
2010,Western Australia,Spring,10.0
2010,Western Australia,Summer,11.0
2010,Western Australia,Summer,11.0
2010,Western Australia,Summer,11.0
2010,Western Australia,Summer,11.0
2010,Western Australia,Summer,11.0
2010,Western Australia,Summer,11.0
2010,Western Australia,Summer,11.0
2010,Western Australia,Summer,11.0
2010,Western Australia,Summer,11.0
2010,Western Australia,Summer,11.0
2010,Western Australia,Summer,11.0
2010,Western Australia,Winter,7.0
2010,Western Australia,Winter,7.0
2010,Western Australia,Winter,7.0
2010,Western Australia,Winter,7.0
2010,Western Australia,Winter,7.0
2010,Western Australia,Winter,7.0
2010,Western Australia,Winter,7.0
2011,Australian Capital Territory,Autumn,7.0
2011,Australian Capital Territory,Autumn,7.0
2011,Australian Capital Territory,Autumn,7.0
2011,Australian Capital Territory,Autumn,7.0
2011,Australian Capital Territory,Autumn,7.0
2011,Australian Capital Territory,Autumn,7.0
2011,Australian Capital Territory,Autumn,7.0
2011,Australian Capital Territory,Spring,8.0
2011,Australian Capital Territory,Spring,8.0
2011,Australian Capital Territory,Spring,8.0
2011,Australian Capital Territory,Spring,8.0
2011,Australian Capital Territory,Spring,8.0
2011,Australian Capital Territory,Spring,8.0
2011,Australian Capital Territory,Spring,8.0
2011,Australian Capital Territory,Spring,8.0
2011,Australian Capital Territory,Summer,8.0
2011,Australian Capital Territory,Summer,8.0
2011,Australian Capital Territory,Summer,8.0
2011,Australian Capital Territory,Summer,8.0
2011,Australian Capital Territory,Summer,8.0
2011,Australian Capital Territory,Summer,8.0
2011,Australian Capital Territory,Summer,8.0
2011,Australian Capital Territory,Summer,8.0
2011,Australian Capital Territory,Winter,6.0
2011,Australian Capital Territory,Winter,6.0
2011,Australian Capital Territory,Winter,6.0
2011,Australian Capital Territory,Winter,6.0
2011,Australian Capital Territory,Winter,6.0
2011,Australian Capital Territory,Winter,6.0
2011,New South Wales,Autumn,6.0
2011,New South Wales,Autumn,6.0
2011,New South Wales,Autumn,6.0
2011,New South Wales,Autumn,6.0
2011,New South Wales,Autumn,6.0
2011,New South Wales,Autumn,6.0
2011,New South Wales,Spring,8.0
2011,New South Wales,Spring,8.0
2011,New South Wales,Spring,8.0
2011,New South Wales,Spring,8.0
2011,New South Wales,Spring,8.0
2011,New South Wales,Spring,8.0
2011,New South Wales,Spring,8.0
2011,New South Wales,Spring,8.0
2011,New South Wales,Summer,8.0
2011,New South Wales,Summer,8.0
2011,New South Wales,Summer,8.0
2011,New South Wales,Summer,8.0
2011,New South Wales,Summer,8.0
2011,New South Wales,Summer,8.0
2011,New South Wales,Summer,8.0
2011,New South Wales,Summer,8.0
2011,New South Wales,Winter,6.0
2011,New South Wales,Winter,6.0
2011,New South Wales,Winter,6.0
2011,New South Wales,Winter,6.0
2011,New South Wales,Winter,6.0
2011,New South Wales,Winter,6.0
2011,Northern Territory,Autumn,7.0
2011,Northern Territory,Autumn,7.0
2011,Northern Territory,Autumn,7.0
2011,Northern Territory,Autumn,7.0
2011,Northern Territory,Autumn,7.0
2011,Northern Territory,Autumn,7.0
2011,Northern Territory,Autumn,7.0
2011,Northern Territory,Spring,9.0
2011,Northern Territory,Spring,9.0
2011,Northern Territory,Spring,9.0
2011,Northern Territory,Spring,9.0
2011,Northern Territory,Spring,9.0
2011,Northern Territory,Spring,9.0
2011,Northern Territory,Spring,9.0
2011,Northern Territory,Spring,9.0
2011,Northern Territory,Spring,9.0
2011,Northern Territory,Summer,8.0
2011,Northern Territory,Summer,8.0
2011,Northern Territory,Summer,8.0
2011,Northern Territory,Summer,8.0
2011,Northern Territory,Summer,8.0
2011,Northern Territory,Summer,8.0
2011,Northern Territory,Summer,8.0
2011,Northern Territory,Summer,8.0
2011,Northern Territory,Winter,10.0
2011,Northern Territory,Winter,10.0
2011,Northern Territory,Winter,10.0
2011,Northern Territory,Winter,10.0
2011,Northern Territory,Winter,10.0
2011,Northern Territory,Winter,10.0
2011,Northern Territory,Winter,10.0
2011,Northern Territory,Winter,10.0
2011,Northern Territory,Winter,10.0
2011,Northern Territory,Winter,10.0
2011,Queensland,Autumn,7.0
2011,Queensland,Autumn,7.0
2011,Queensland,Autumn,7.0
2011,Queensland,Autumn,7.0
2011,Queensland,Autumn,7.0
2011,Queensland,Autumn,7.0
2011,Queensland,Autumn,7.0
2011,Queensland,Spring,9.0
2011,Queensland,Spring,9.0
2011,Queensland,Spring,9.0
2011,Queensland,Spring,9.0
2011,Queensland,Spring,9.0
2011,Queensland,Spring,9.0
2011,Queensland,Spring,9.0
2011,Queensland,Spring,9.0
2011,Queensland,Spring,9.0
2011,Queensland,Summer,7.0
2011,Queensland,Summer,7.0
2011,Queensland,Summer,7.0
2011,Queensland,Summer,7.0
2011,Queensland,Summer,7.0
2011,Queensland,Summer,7.0
2011,Queensland,Summer,7.0
2011,Queensland,Winter,8.0
2011,Queensland,Winter,8.0
2011,Queensland,Winter,8.0
2011,Queensland,Winter,8.0
2011,Queensland,Winter,8.0
2011,Queensland,Winter,8.0
2011,Queensland,Winter,8.0
2011,Queensland,Winter,8.0
2011,South Australia,Autumn,6.0
2011,South Australia,Autumn,6.0
2011,South Australia,Autumn,6.0
2011,South Australia,Autumn,6.0
2011,South Australia,Autumn,6.0
2011,South Australia,Autumn,6.0
2011,South Australia,Spring,8.0
2011,South Australia,Spring,8.0
2011,South Australia,Spring,8.0
2011,South Australia,Spring,8.0
2011,South Australia,Spring,8.0
2011,South Australia,Spring,8.0
2011,South Australia,Spring,8.0
2011,South Australia,Spring,8.0
2011,South Australia,Summer,9.0
2011,South Australia,Summer,9.0
2011,South Australia,Summer,9.0
2011,South Australia,Summer,9.0
2011,South Australia,Summer,9.0
2011,South Australia,Summer,9.0
2011,South Australia,Summer,9.0
2011,South Australia,Summer,9.0
2011,South Australia,Summer,9.0
2011,South Australia,Winter,6.0
2011,South Australia,Winter,6.0
2011,South Australia,Winter,6.0
2011,South Australia,Winter,6.0
2011,South Australia,Winter,6.0
2011,South Australia,Winter,6.0
2011,Tasmania,Autumn,6.0
2011,Tasmania,Autumn,6.0
2011,Tasmania,Autumn,6.0
2011,Tasmania,Autumn,6.0
2011,Tasmania,Autumn,6.0
2011,Tasmania,Autumn,6.0
2011,Tasmania,Spring,7.0
2011,Tasmania,Spring,7.0
2011,Tasmania,Spring,7.0
2011,Tasmania,Spring,7.0
2011,Tasmania,Spring,7.0
2011,Tasmania,Spring,7.0
2011,Tasmania,Spring,7.0
2011,Tasmania,Summer,8.0
2011,Tasmania,Summer,8.0
2011,Tasmania,Summer,8.0
2011,Tasmania,Summer,8.0
2011,Tasmania,Summer,8.0
2011,Tasmania,Summer,8.0
2011,Tasmania,Summer,8.0
2011,Tasmania,Summer,8.0
2011,Tasmania,Winter,5.0
2011,Tasmania,Winter,5.0
2011,Tasmania,Winter,5.0
2011,Tasmania,Winter,5.0
2011,Tasmania,Winter,5.0
2011,Victoria,Autumn,5.0
2011,Victoria,Autumn,5.0
2011,Victoria,Autumn,5.0
2011,Victoria,Autumn,5.0
2011,Victoria,Autumn,5.0
2011,Victoria,Spring,7.0
2011,Victoria,Spring,7.0
2011,Victoria,Spring,7.0
2011,Victoria,Spring,7.0
2011,Victoria,Spring,7.0
2011,Victoria,Spring,7.0
2011,Victoria,Spring,7.0
2011,Victoria,Summer,8.0
2011,Victoria,Summer,8.0
2011,Victoria,Summer,8.0
2011,Victoria,Summer,8.0
2011,Victoria,Summer,8.0
2011,Victoria,Summer,8.0
2011,Victoria,Summer,8.0
2011,Victoria,Summer,8.0
2011,Victoria,Winter,5.0
2011,Victoria,Winter,5.0
2011,Victoria,Winter,5.0
2011,Victoria,Winter,5.0
2011,Victoria,Winter,5.0
2011,Western Australia,Autumn,9.0
2011,Western Australia,Autumn,9.0
2011,Western Australia,Autumn,9.0
2011,Western Australia,Autumn,9.0
2011,Western Australia,Autumn,9.0
2011,Western Australia,Autumn,9.0
2011,Western Australia,Autumn,9.0
2011,Western Australia,Autumn,9.0
2011,Western Australia,Autumn,9.0
2011,Western Australia,Spring,8.0
2011,Western Australia,Spring,8.0
2011,Western Australia,Spring,8.0
2011,Western Australia,Spring,8.0
2011,Western Australia,Spring,8.0
2011,Western Australia,Spring,8.0
2011,Western Australia,Spring,8.0
2011,Western Australia,Spring,8.0
2011,Western Australia,Summer,10.0
2011,Western Australia,Summer,10.0
2011,Western Australia,Summer,10.0
2011,Western Australia,Summer,10.0
2011,Western Australia,Summer,10.0
2011,Western Australia,Summer,10.0
2011,Western Australia,Summer,10.0
2011,Western Australia,Summer,10.0
2011,Western Australia,Summer,10.0
2011,Western Australia,Summer,10.0
2011,Western Australia,Winter,6.0
2011,Western Australia,Winter,6.0
2011,Western Australia,Winter,6.0
2011,Western Australia,Winter,6.0
2011,Western Australia,Winter,6.0
2011,Western Australia,Winter,6.0
2012,Australian Capital Territory,Autumn,7.0
2012,Australian Capital Territory,Autumn,7.0
2012,Australian Capital Territory,Autumn,7.0
2012,Australian Capital Territory,Autumn,7.0
2012,Australian Capital Territory,Autumn,7.0
2012,Australian Capital Territory,Autumn,7.0
2012,Australian Capital Territory,Autumn,7.0
2012,Australian Capital Territory,Spring,8.0
2012,Australian Capital Territory,Spring,8.0
2012,Australian Capital Territory,Spring,8.0
2012,Australian Capital Territory,Spring,8.0
2012,Australian Capital Territory,Spring,8.0
2012,Australian Capital Territory,Spring,8.0
2012,Australian Capital Territory,Spring,8.0
2012,Australian Capital Territory,Spring,8.0
2012,Australian Capital Territory,Summer,7.0
2012,Australian Capital Territory,Summer,7.0
2012,Australian Capital Territory,Summer,7.0
2012,Australian Capital Territory,Summer,7.0
2012,Australian Capital Territory,Summer,7.0
2012,Australian Capital Territory,Summer,7.0
2012,Australian Capital Territory,Summer,7.0
2012,Australian Capital Territory,Winter,6.0
2012,Australian Capital Territory,Winter,6.0
2012,Australian Capital Territory,Winter,6.0
2012,Australian Capital Territory,Winter,6.0
2012,Australian Capital Territory,Winter,6.0
2012,Australian Capital Territory,Winter,6.0
2012,New South Wales,Autumn,7.0
2012,New South Wales,Autumn,7.0
2012,New South Wales,Autumn,7.0
2012,New South Wales,Autumn,7.0
2012,New South Wales,Autumn,7.0
2012,New South Wales,Autumn,7.0
2012,New South Wales,Autumn,7.0
2012,New South Wales,Spring,9.0
2012,New South Wales,Spring,9.0
2012,New South Wales,Spring,9.0
2012,New South Wales,Spring,9.0
2012,New South Wales,Spring,9.0
2012,New South Wales,Spring,9.0
2012,New South Wales,Spring,9.0
2012,New South Wales,Spring,9.0
2012,New South Wales,Spring,9.0
2012,New South Wales,Summer,8.0
2012,New South Wales,Summer,8.0
2012,New South Wales,Summer,8.0
2012,New South Wales,Summer,8.0
2012,New South Wales,Summer,8.0
2012,New South Wales,Summer,8.0
2012,New South Wales,Summer,8.0
2012,New South Wales,Summer,8.0
2012,New South Wales,Winter,6.0
2012,New South Wales,Winter,6.0
2012,New South Wales,Winter,6.0
2012,New South Wales,Winter,6.0
2012,New South Wales,Winter,6.0
2012,New South Wales,Winter,6.0
2012,Northern Territory,Autumn,8.0
2012,Northern Territory,Autumn,8.0
2012,Northern Territory,Autumn,8.0
2012,Northern Territory,Autumn,8.0
2012,Northern Territory,Autumn,8.0
2012,Northern Territory,Autumn,8.0
2012,Northern Territory,Autumn,8.0
2012,Northern Territory,Autumn,8.0
2012,Northern Territory,Spring,10.0
2012,Northern Territory,Spring,10.0
2012,Northern Territory,Spring,10.0
2012,Northern Territory,Spring,10.0
2012,Northern Territory,Spring,10.0
2012,Northern Territory,Spring,10.0
2012,Northern Territory,Spring,10.0
2012,Northern Territory,Spring,10.0
2012,Northern Territory,Spring,10.0
2012,Northern Territory,Spring,10.0
2012,Northern Territory,Summer,9.0
2012,Northern Territory,Summer,9.0
2012,Northern Territory,Summer,9.0
2012,Northern Territory,Summer,9.0
2012,Northern Territory,Summer,9.0
2012,Northern Territory,Summer,9.0
2012,Northern Territory,Summer,9.0
2012,Northern Territory,Summer,9.0
2012,Northern Territory,Summer,9.0
2012,Northern Territory,Winter,10.0
2012,Northern Territory,Winter,10.0
2012,Northern Territory,Winter,10.0
2012,Northern Territory,Winter,10.0
2012,Northern Territory,Winter,10.0
2012,Northern Territory,Winter,10.0
2012,Northern Territory,Winter,10.0
2012,Northern Territory,Winter,10.0
2012,Northern Territory,Winter,10.0
2012,Northern Territory,Winter,10.0
2012,Queensland,Autumn,7.0
2012,Queensland,Autumn,7.0
2012,Queensland,Autumn,7.0
2012,Queensland,Autumn,7.0
2012,Queensland,Autumn,7.0
2012,Queensland,Autumn,7.0
2012,Queensland,Autumn,7.0
2012,Queensland,Spring,9.0
2012,Queensland,Spring,9.0
2012,Queensland,Spring,9.0
2012,Queensland,Spring,9.0
2012,Queensland,Spring,9.0
2012,Queensland,Spring,9.0
2012,Queensland,Spring,9.0
2012,Queensland,Spring,9.0
2012,Queensland,Spring,9.0
2012,Queensland,Summer,8.0
2012,Queensland,Summer,8.0
2012,Queensland,Summer,8.0
2012,Queensland,Summer,8.0
2012,Queensland,Summer,8.0
2012,Queensland,Summer,8.0
2012,Queensland,Summer,8.0
2012,Queensland,Summer,8.0
2012,Queensland,Winter,8.0
2012,Queensland,Winter,8.0
2012,Queensland,Winter,8.0
2012,Queensland,Winter,8.0
2012,Queensland,Winter,8.0
2012,Queensland,Winter,8.0
2012,Queensland,Winter,8.0
2012,Queensland,Winter,8.0
2012,South Australia,Autumn,8.0
2012,South Australia,Autumn,8.0
2012,South Australia,Autumn,8.0
2012,South Australia,Autumn,8.0
2012,South Australia,Autumn,8.0
2012,South Australia,Autumn,8.0
2012,South Australia,Autumn,8.0
2012,South Australia,Autumn,8.0
2012,South Australia,Spring,9.0
2012,South Australia,Spring,9.0
2012,South Australia,Spring,9.0
2012,South Australia,Spring,9.0
2012,South Australia,Spring,9.0
2012,South Australia,Spring,9.0
2012,South Australia,Spring,9.0
2012,South Australia,Spring,9.0
2012,South Australia,Spring,9.0
2012,South Australia,Summer,10.0
2012,South Australia,Summer,10.0
2012,South Australia,Summer,10.0
2012,South Australia,Summer,10.0
2012,South Australia,Summer,10.0
2012,South Australia,Summer,10.0
2012,South Australia,Summer,10.0
2012,South Australia,Summer,10.0
2012,South Australia,Summer,10.0
2012,South Australia,Summer,10.0
2012,South Australia,Winter,6.0
2012,South Australia,Winter,6.0
2012,South Australia,Winter,6.0
2012,South Australia,Winter,6.0
2012,South Australia,Winter,6.0
2012,South Australia,Winter,6.0
2012,Tasmania,Autumn,6.0
2012,Tasmania,Autumn,6.0
2012,Tasmania,Autumn,6.0
2012,Tasmania,Autumn,6.0
2012,Tasmania,Autumn,6.0
2012,Tasmania,Autumn,6.0
2012,Tasmania,Spring,7.0
2012,Tasmania,Spring,7.0
2012,Tasmania,Spring,7.0
2012,Tasmania,Spring,7.0
2012,Tasmania,Spring,7.0
2012,Tasmania,Spring,7.0
2012,Tasmania,Spring,7.0
2012,Tasmania,Summer,8.0
2012,Tasmania,Summer,8.0
2012,Tasmania,Summer,8.0
2012,Tasmania,Summer,8.0
2012,Tasmania,Summer,8.0
2012,Tasmania,Summer,8.0
2012,Tasmania,Summer,8.0
2012,Tasmania,Summer,8.0
2012,Tasmania,Winter,5.0
2012,Tasmania,Winter,5.0
2012,Tasmania,Winter,5.0
2012,Tasmania,Winter,5.0
2012,Tasmania,Winter,5.0
2012,Victoria,Autumn,6.0
2012,Victoria,Autumn,6.0
2012,Victoria,Autumn,6.0
2012,Victoria,Autumn,6.0
2012,Victoria,Autumn,6.0
2012,Victoria,Autumn,6.0
2012,Victoria,Spring,8.0
2012,Victoria,Spring,8.0
2012,Victoria,Spring,8.0
2012,Victoria,Spring,8.0
2012,Victoria,Spring,8.0
2012,Victoria,Spring,8.0
2012,Victoria,Spring,8.0
2012,Victoria,Spring,8.0
2012,Victoria,Summer,9.0
2012,Victoria,Summer,9.0
2012,Victoria,Summer,9.0
2012,Victoria,Summer,9.0
2012,Victoria,Summer,9.0
2012,Victoria,Summer,9.0
2012,Victoria,Summer,9.0
2012,Victoria,Summer,9.0
2012,Victoria,Summer,9.0
2012,Victoria,Winter,5.0
2012,Victoria,Winter,5.0
2012,Victoria,Winter,5.0
2012,Victoria,Winter,5.0
2012,Victoria,Winter,5.0
2012,Western Australia,Autumn,8.0
2012,Western Australia,Autumn,8.0
2012,Western Australia,Autumn,8.0
2012,Western Australia,Autumn,8.0
2012,Western Australia,Autumn,8.0
2012,Western Australia,Autumn,8.0
2012,Western Australia,Autumn,8.0
2012,Western Australia,Autumn,8.0
2012,Western Australia,Spring,9.0
2012,Western Australia,Spring,9.0
2012,Western Australia,Spring,9.0
2012,Western Australia,Spring,9.0
2012,Western Australia,Spring,9.0
2012,Western Australia,Spring,9.0
2012,Western Australia,Spring,9.0
2012,Western Australia,Spring,9.0
2012,Western Australia,Spring,9.0
2012,Western Australia,Summer,10.0
2012,Western Australia,Summer,10.0
2012,Western Australia,Summer,10.0
2012,Western Australia,Summer,10.0
2012,Western Australia,Summer,10.0
2012,Western Australia,Summer,10.0
2012,Western Australia,Summer,10.0
2012,Western Australia,Summer,10.0
2012,Western Australia,Summer,10.0
2012,Western Australia,Summer,10.0
2012,Western Australia,Winter,6.0
2012,Western Australia,Winter,6.0
2012,Western Australia,Winter,6.0
2012,Western Australia,Winter,6.0
2012,Western Australia,Winter,6.0
2012,Western Australia,Winter,6.0
2013,New South Wales,Autumn,8.0
2013,New South Wales,Autumn,8.0
2013,New South Wales,Autumn,8.0
2013,New South Wales,Autumn,8.0
2013,New South Wales,Autumn,8.0
2013,New South Wales,Autumn,8.0
2013,New South Wales,Autumn,8.0
2013,New South Wales,Autumn,8.0
2013,New South Wales,Spring,9.0
2013,New South Wales,Spring,9.0
2013,New South Wales,Spring,9.0
2013,New South Wales,Spring,9.0
2013,New South Wales,Spring,9.0
2013,New South Wales,Spring,9.0
2013,New South Wales,Spring,9.0
2013,New South Wales,Spring,9.0
2013,New South Wales,Spring,9.0
2013,New South Wales,Summer,9.0
2013,New South Wales,Summer,9.0
2013,New South Wales,Summer,9.0
2013,New South Wales,Summer,9.0
2013,New South Wales,Summer,9.0
2013,New South Wales,Summer,9.0
2013,New South Wales,Summer,9.0
2013,New South Wales,Summer,9.0
2013,New South Wales,Summer,9.0
2013,New South Wales,Winter,6.0
2013,New South Wales,Winter,6.0
2013,New South Wales,Winter,6.0
2013,New South Wales,Winter,6.0
2013,New South Wales,Winter,6.0
2013,New South Wales,Winter,6.0
2013,Northern Territory,Autumn,9.0
2013,Northern Territory,Autumn,9.0
2013,Northern Territory,Autumn,9.0
2013,Northern Territory,Autumn,9.0
2013,Northern Territory,Autumn,9.0
2013,Northern Territory,Autumn,9.0
2013,Northern Territory,Autumn,9.0
2013,Northern Territory,Autumn,9.0
2013,Northern Territory,Autumn,9.0
2013,Northern Territory,Spring,10.0
2013,Northern Territory,Spring,10.0
2013,Northern Territory,Spring,10.0
2013,Northern Territory,Spring,10.0
2013,Northern Territory,Spring,10.0
2013,Northern Territory,Spring,10.0
2013,Northern Territory,Spring,10.0
2013,Northern Territory,Spring,10.0
2013,Northern Territory,Spring,10.0
2013,Northern Territory,Spring,10.0
2013,Northern Territory,Summer,8.0
2013,Northern Territory,Summer,8.0
2013,Northern Territory,Summer,8.0
2013,Northern Territory,Summer,8.0
2013,Northern Territory,Summer,8.0
2013,Northern Territory,Summer,8.0
2013,Northern Territory,Summer,8.0
2013,Northern Territory,Summer,8.0
2013,Northern Territory,Winter,9.0
2013,Northern Territory,Winter,9.0
2013,Northern Territory,Winter,9.0
2013,Northern Territory,Winter,9.0
2013,Northern Territory,Winter,9.0
2013,Northern Territory,Winter,9.0
2013,Northern Territory,Winter,9.0
2013,Northern Territory,Winter,9.0
2013,Northern Territory,Winter,9.0
2013,Queensland,Autumn,7.0
2013,Queensland,Autumn,7.0
2013,Queensland,Autumn,7.0
2013,Queensland,Autumn,7.0
2013,Queensland,Autumn,7.0
2013,Queensland,Autumn,7.0
2013,Queensland,Autumn,7.0
2013,Queensland,Spring,9.0
2013,Queensland,Spring,9.0
2013,Queensland,Spring,9.0
2013,Queensland,Spring,9.0
2013,Queensland,Spring,9.0
2013,Queensland,Spring,9.0
2013,Queensland,Spring,9.0
2013,Queensland,Spring,9.0
2013,Queensland,Spring,9.0
2013,Queensland,Summer,9.0
2013,Queensland,Summer,9.0
2013,Queensland,Summer,9.0
2013,Queensland,Summer,9.0
2013,Queensland,Summer,9.0
2013,Queensland,Summer,9.0
2013,Queensland,Summer,9.0
2013,Queensland,Summer,9.0
2013,Queensland,Summer,9.0
2013,Queensland,Winter,8.0
2013,Queensland,Winter,8.0
2013,Queensland,Winter,8.0
2013,Queensland,Winter,8.0
2013,Queensland,Winter,8.0
2013,Queensland,Winter,8.0
2013,Queensland,Winter,8.0
2013,Queensland,Winter,8.0
2013,South Australia,Autumn,7.0
2013,South Australia,Autumn,7.0
2013,South Australia,Autumn,7.0
2013,South Australia,Autumn,7.0
2013,South Australia,Autumn,7.0
2013,South Australia,Autumn,7.0
2013,South Australia,Autumn,7.0
2013,South Australia,Spring,8.0
2013,South Australia,Spring,8.0
2013,South Australia,Spring,8.0
2013,South Australia,Spring,8.0
2013,South Australia,Spring,8.0
2013,South Australia,Spring,8.0
2013,South Australia,Spring,8.0
2013,South Australia,Spring,8.0
2013,South Australia,Summer,11.0
2013,South Australia,Summer,11.0
2013,South Australia,Summer,11.0
2013,South Australia,Summer,11.0
2013,South Australia,Summer,11.0
2013,South Australia,Summer,11.0
2013,South Australia,Summer,11.0
2013,South Australia,Summer,11.0
2013,South Australia,Summer,11.0
2013,South Australia,Summer,11.0
2013,South Australia,Summer,11.0
2013,South Australia,Winter,5.0
2013,South Australia,Winter,5.0
2013,South Australia,Winter,5.0
2013,South Australia,Winter,5.0
2013,South Australia,Winter,5.0
2013,Tasmania,Autumn,7.0
2013,Tasmania,Autumn,7.0
2013,Tasmania,Autumn,7.0
2013,Tasmania,Autumn,7.0
2013,Tasmania,Autumn,7.0
2013,Tasmania,Autumn,7.0
2013,Tasmania,Autumn,7.0
2013,Tasmania,Spring,7.0
2013,Tasmania,Spring,7.0
2013,Tasmania,Spring,7.0
2013,Tasmania,Spring,7.0
2013,Tasmania,Spring,7.0
2013,Tasmania,Spring,7.0
2013,Tasmania,Spring,7.0
2013,Tasmania,Summer,8.0
2013,Tasmania,Summer,8.0
2013,Tasmania,Summer,8.0
2013,Tasmania,Summer,8.0
2013,Tasmania,Summer,8.0
2013,Tasmania,Summer,8.0
2013,Tasmania,Summer,8.0
2013,Tasmania,Summer,8.0
2013,Tasmania,Winter,5.0
2013,Tasmania,Winter,5.0
2013,Tasmania,Winter,5.0
2013,Tasmania,Winter,5.0
2013,Tasmania,Winter,5.0
2013,Victoria,Autumn,6.0
2013,Victoria,Autumn,6.0
2013,Victoria,Autumn,6.0
2013,Victoria,Autumn,6.0
2013,Victoria,Autumn,6.0
2013,Victoria,Autumn,6.0
2013,Victoria,Spring,7.0
2013,Victoria,Spring,7.0
2013,Victoria,Spring,7.0
2013,Victoria,Spring,7.0
2013,Victoria,Spring,7.0
2013,Victoria,Spring,7.0
2013,Victoria,Spring,7.0
2013,Victoria,Summer,10.0
2013,Victoria,Summer,10.0
2013,Victoria,Summer,10.0
2013,Victoria,Summer,10.0
2013,Victoria,Summer,10.0
2013,Victoria,Summer,10.0
2013,Victoria,Summer,10.0
2013,Victoria,Summer,10.0
2013,Victoria,Summer,10.0
2013,Victoria,Summer,10.0
2013,Victoria,Winter,5.0
2013,Victoria,Winter,5.0
2013,Victoria,Winter,5.0
2013,Victoria,Winter,5.0
2013,Victoria,Winter,5.0
2013,Western Australia,Autumn,7.0
2013,Western Australia,Autumn,7.0
2013,Western Australia,Autumn,7.0
2013,Western Australia,Autumn,7.0
2013,Western Australia,Autumn,7.0
2013,Western Australia,Autumn,7.0
2013,Western Australia,Autumn,7.0
2013,Western Australia,Spring,9.0
2013,Western Australia,Spring,9.0
2013,Western Australia,Spring,9.0
2013,Western Australia,Spring,9.0
2013,Western Australia,Spring,9.0
2013,Western Australia,Spring,9.0
2013,Western Australia,Spring,9.0
2013,Western Australia,Spring,9.0
2013,Western Australia,Spring,9.0
2013,Western Australia,Summer,11.0
2013,Western Australia,Summer,11.0
2013,Western Australia,Summer,11.0
2013,Western Australia,Summer,11.0
2013,Western Australia,Summer,11.0
2013,Western Australia,Summer,11.0
2013,Western Australia,Summer,11.0
2013,Western Australia,Summer,11.0
2013,Western Australia,Summer,11.0
2013,Western Australia,Summer,11.0
2013,Western Australia,Summer,11.0
2013,Western Australia,Winter,6.0
2013,Western Australia,Winter,6.0
2013,Western Australia,Winter,6.0
2013,Western Australia,Winter,6.0
2013,Western Australia,Winter,6.0
2013,Western Australia,Winter,6.0
2014,New South Wales,Autumn,7.0
2014,New South Wales,Autumn,7.0
2014,New South Wales,Autumn,7.0
2014,New South Wales,Autumn,7.0
2014,New South Wales,Autumn,7.0
2014,New South Wales,Autumn,7.0
2014,New South Wales,Autumn,7.0
2014,New South Wales,Spring,9.0
2014,New South Wales,Spring,9.0
2014,New South Wales,Spring,9.0
2014,New South Wales,Spring,9.0
2014,New South Wales,Spring,9.0
2014,New South Wales,Spring,9.0
2014,New South Wales,Spring,9.0
2014,New South Wales,Spring,9.0
2014,New South Wales,Spring,9.0
2014,New South Wales,Summer,9.0
2014,New South Wales,Summer,9.0
2014,New South Wales,Summer,9.0
2014,New South Wales,Summer,9.0
2014,New South Wales,Summer,9.0
2014,New South Wales,Summer,9.0
2014,New South Wales,Summer,9.0
2014,New South Wales,Summer,9.0
2014,New South Wales,Summer,9.0
2014,New South Wales,Winter,6.0
2014,New South Wales,Winter,6.0
2014,New South Wales,Winter,6.0
2014,New South Wales,Winter,6.0
2014,New South Wales,Winter,6.0
2014,New South Wales,Winter,6.0
2014,Northern Territory,Autumn,9.0
2014,Northern Territory,Autumn,9.0
2014,Northern Territory,Autumn,9.0
2014,Northern Territory,Autumn,9.0
2014,Northern Territory,Autumn,9.0
2014,Northern Territory,Autumn,9.0
2014,Northern Territory,Autumn,9.0
2014,Northern Territory,Autumn,9.0
2014,Northern Territory,Autumn,9.0
2014,Northern Territory,Spring,10.0
2014,Northern Territory,Spring,10.0
2014,Northern Territory,Spring,10.0
2014,Northern Territory,Spring,10.0
2014,Northern Territory,Spring,10.0
2014,Northern Territory,Spring,10.0
2014,Northern Territory,Spring,10.0
2014,Northern Territory,Spring,10.0
2014,Northern Territory,Spring,10.0
2014,Northern Territory,Spring,10.0
2014,Northern Territory,Summer,8.0
2014,Northern Territory,Summer,8.0
2014,Northern Territory,Summer,8.0
2014,Northern Territory,Summer,8.0
2014,Northern Territory,Summer,8.0
2014,Northern Territory,Summer,8.0
2014,Northern Territory,Summer,8.0
2014,Northern Territory,Summer,8.0
2014,Northern Territory,Winter,10.0
2014,Northern Territory,Winter,10.0
2014,Northern Territory,Winter,10.0
2014,Northern Territory,Winter,10.0
2014,Northern Territory,Winter,10.0
2014,Northern Territory,Winter,10.0
2014,Northern Territory,Winter,10.0
2014,Northern Territory,Winter,10.0
2014,Northern Territory,Winter,10.0
2014,Northern Territory,Winter,10.0
2014,Queensland,Autumn,7.0
2014,Queensland,Autumn,7.0
2014,Queensland,Autumn,7.0
2014,Queensland,Autumn,7.0
2014,Queensland,Autumn,7.0
2014,Queensland,Autumn,7.0
2014,Queensland,Autumn,7.0
2014,Queensland,Spring,10.0
2014,Queensland,Spring,10.0
2014,Queensland,Spring,10.0
2014,Queensland,Spring,10.0
2014,Queensland,Spring,10.0
2014,Queensland,Spring,10.0
2014,Queensland,Spring,10.0
2014,Queensland,Spring,10.0
2014,Queensland,Spring,10.0
2014,Queensland,Spring,10.0
2014,Queensland,Summer,8.0
2014,Queensland,Summer,8.0
2014,Queensland,Summer,8.0
2014,Queensland,Summer,8.0
2014,Queensland,Summer,8.0
2014,Queensland,Summer,8.0
2014,Queensland,Summer,8.0
2014,Queensland,Summer,8.0
2014,Queensland,Winter,8.0
2014,Queensland,Winter,8.0
2014,Queensland,Winter,8.0
2014,Queensland,Winter,8.0
2014,Queensland,Winter,8.0
2014,Queensland,Winter,8.0
2014,Queensland,Winter,8.0
2014,Queensland,Winter,8.0
2014,South Australia,Autumn,7.0
2014,South Australia,Autumn,7.0
2014,South Australia,Autumn,7.0
2014,South Australia,Autumn,7.0
2014,South Australia,Autumn,7.0
2014,South Australia,Autumn,7.0
2014,South Australia,Autumn,7.0
2014,South Australia,Spring,9.0
2014,South Australia,Spring,9.0
2014,South Australia,Spring,9.0
2014,South Australia,Spring,9.0
2014,South Australia,Spring,9.0
2014,South Australia,Spring,9.0
2014,South Australia,Spring,9.0
2014,South Australia,Spring,9.0
2014,South Australia,Spring,9.0
2014,South Australia,Summer,10.0
2014,South Australia,Summer,10.0
2014,South Australia,Summer,10.0
2014,South Australia,Summer,10.0
2014,South Australia,Summer,10.0
2014,South Australia,Summer,10.0
2014,South Australia,Summer,10.0
2014,South Australia,Summer,10.0
2014,South Australia,Summer,10.0
2014,South Australia,Summer,10.0
2014,South Australia,Winter,5.0
2014,South Australia,Winter,5.0
2014,South Australia,Winter,5.0
2014,South Australia,Winter,5.0
2014,South Australia,Winter,5.0
2014,Tasmania,Autumn,6.0
2014,Tasmania,Autumn,6.0
2014,Tasmania,Autumn,6.0
2014,Tasmania,Autumn,6.0
2014,Tasmania,Autumn,6.0
2014,Tasmania,Autumn,6.0
2014,Tasmania,Spring,7.0
2014,Tasmania,Spring,7.0
2014,Tasmania,Spring,7.0
2014,Tasmania,Spring,7.0
2014,Tasmania,Spring,7.0
2014,Tasmania,Spring,7.0
2014,Tasmania,Spring,7.0
2014,Tasmania,Summer,8.0
2014,Tasmania,Summer,8.0
2014,Tasmania,Summer,8.0
2014,Tasmania,Summer,8.0
2014,Tasmania,Summer,8.0
2014,Tasmania,Summer,8.0
2014,Tasmania,Summer,8.0
2014,Tasmania,Summer,8.0
2014,Tasmania,Winter,5.0
2014,Tasmania,Winter,5.0
2014,Tasmania,Winter,5.0
2014,Tasmania,Winter,5.0
2014,Tasmania,Winter,5.0
2014,Victoria,Autumn,6.0
2014,Victoria,Autumn,6.0
2014,Victoria,Autumn,6.0
2014,Victoria,Autumn,6.0
2014,Victoria,Autumn,6.0
2014,Victoria,Autumn,6.0
2014,Victoria,Spring,8.0
2014,Victoria,Spring,8.0
2014,Victoria,Spring,8.0
2014,Victoria,Spring,8.0
2014,Victoria,Spring,8.0
2014,Victoria,Spring,8.0
2014,Victoria,Spring,8.0
2014,Victoria,Spring,8.0
2014,Victoria,Summer,9.0
2014,Victoria,Summer,9.0
2014,Victoria,Summer,9.0
2014,Victoria,Summer,9.0
2014,Victoria,Summer,9.0
2014,Victoria,Summer,9.0
2014,Victoria,Summer,9.0
2014,Victoria,Summer,9.0
2014,Victoria,Summer,9.0
2014,Victoria,Winter,5.0
2014,Victoria,Winter,5.0
2014,Victoria,Winter,5.0
2014,Victoria,Winter,5.0
2014,Victoria,Winter,5.0
2014,Western Australia,Autumn,7.0
2014,Western Australia,Autumn,7.0
2014,Western Australia,Autumn,7.0
2014,Western Australia,Autumn,7.0
2014,Western Australia,Autumn,7.0
2014,Western Australia,Autumn,7.0
2014,Western Australia,Autumn,7.0
2014,Western Australia,Spring,9.0
2014,Western Australia,Spring,9.0
2014,Western Australia,Spring,9.0
2014,Western Australia,Spring,9.0
2014,Western Australia,Spring,9.0
2014,Western Australia,Spring,9.0
2014,Western Australia,Spring,9.0
2014,Western Australia,Spring,9.0
2014,Western Australia,Spring,9.0
2014,Western Australia,Summer,11.0
2014,Western Australia,Summer,11.0
2014,Western Australia,Summer,11.0
2014,Western Australia,Summer,11.0
2014,Western Australia,Summer,11.0
2014,Western Australia,Summer,11.0
2014,Western Australia,Summer,11.0
2014,Western Australia,Summer,11.0
2014,Western Australia,Summer,11.0
2014,Western Australia,Summer,11.0
2014,Western Australia,Summer,11.0
2014,Western Australia,Winter,6.0
2014,Western Australia,Winter,6.0
2014,Western Australia,Winter,6.0
2014,Western Australia,Winter,6.0
2014,Western Australia,Winter,6.0
2014,Western Australia,Winter,6.0
2015,New South Wales,Autumn,7.0
2015,New South Wales,Autumn,7.0
2015,New South Wales,Autumn,7.0
2015,New South Wales,Autumn,7.0
2015,New South Wales,Autumn,7.0
2015,New South Wales,Autumn,7.0
2015,New South Wales,Autumn,7.0
2015,New South Wales,Spring,8.0
2015,New South Wales,Spring,8.0
2015,New South Wales,Spring,8.0
2015,New South Wales,Spring,8.0
2015,New South Wales,Spring,8.0
2015,New South Wales,Spring,8.0
2015,New South Wales,Spring,8.0
2015,New South Wales,Spring,8.0
2015,New South Wales,Summer,9.0
2015,New South Wales,Summer,9.0
2015,New South Wales,Summer,9.0
2015,New South Wales,Summer,9.0
2015,New South Wales,Summer,9.0
2015,New South Wales,Summer,9.0
2015,New South Wales,Summer,9.0
2015,New South Wales,Summer,9.0
2015,New South Wales,Summer,9.0
2015,New South Wales,Winter,6.0
2015,New South Wales,Winter,6.0
2015,New South Wales,Winter,6.0
2015,New South Wales,Winter,6.0
2015,New South Wales,Winter,6.0
2015,New South Wales,Winter,6.0
2015,Northern Territory,Autumn,9.0
2015,Northern Territory,Autumn,9.0
2015,Northern Territory,Autumn,9.0
2015,Northern Territory,Autumn,9.0
2015,Northern Territory,Autumn,9.0
2015,Northern Territory,Autumn,9.0
2015,Northern Territory,Autumn,9.0
2015,Northern Territory,Autumn,9.0
2015,Northern Territory,Autumn,9.0
2015,Northern Territory,Spring,10.0
2015,Northern Territory,Spring,10.0
2015,Northern Territory,Spring,10.0
2015,Northern Territory,Spring,10.0
2015,Northern Territory,Spring,10.0
2015,Northern Territory,Spring,10.0
2015,Northern Territory,Spring,10.0
2015,Northern Territory,Spring,10.0
2015,Northern Territory,Spring,10.0
2015,Northern Territory,Spring,10.0
2015,Northern Territory,Summer,7.0
2015,Northern Territory,Summer,7.0
2015,Northern Territory,Summer,7.0
2015,Northern Territory,Summer,7.0
2015,Northern Territory,Summer,7.0
2015,Northern Territory,Summer,7.0
2015,Northern Territory,Summer,7.0
2015,Northern Territory,Winter,10.0
2015,Northern Territory,Winter,10.0
2015,Northern Territory,Winter,10.0
2015,Northern Territory,Winter,10.0
2015,Northern Territory,Winter,10.0
2015,Northern Territory,Winter,10.0
2015,Northern Territory,Winter,10.0
2015,Northern Territory,Winter,10.0
2015,Northern Territory,Winter,10.0
2015,Northern Territory,Winter,10.0
2015,Queensland,Autumn,9.0
2015,Queensland,Autumn,9.0
2015,Queensland,Autumn,9.0
2015,Queensland,Autumn,9.0
2015,Queensland,Autumn,9.0
2015,Queensland,Autumn,9.0
2015,Queensland,Autumn,9.0
2015,Queensland,Autumn,9.0
2015,Queensland,Autumn,9.0
2015,Queensland,Spring,9.0
2015,Queensland,Spring,9.0
2015,Queensland,Spring,9.0
2015,Queensland,Spring,9.0
2015,Queensland,Spring,9.0
2015,Queensland,Spring,9.0
2015,Queensland,Spring,9.0
2015,Queensland,Spring,9.0
2015,Queensland,Spring,9.0
2015,Queensland,Summer,8.0
2015,Queensland,Summer,8.0
2015,Queensland,Summer,8.0
2015,Queensland,Summer,8.0
2015,Queensland,Summer,8.0
2015,Queensland,Summer,8.0
2015,Queensland,Summer,8.0
2015,Queensland,Summer,8.0
2015,Queensland,Winter,8.0
2015,Queensland,Winter,8.0
2015,Queensland,Winter,8.0
2015,Queensland,Winter,8.0
2015,Queensland,Winter,8.0
2015,Queensland,Winter,8.0
2015,Queensland,Winter,8.0
2015,Queensland,Winter,8.0
2015,South Australia,Autumn,7.0
2015,South Australia,Autumn,7.0
2015,South Australia,Autumn,7.0
2015,South Australia,Autumn,7.0
2015,South Australia,Autumn,7.0
2015,South Australia,Autumn,7.0
2015,South Australia,Autumn,7.0
2015,South Australia,Spring,8.0
2015,South Australia,Spring,8.0
2015,South Australia,Spring,8.0
2015,South Australia,Spring,8.0
2015,South Australia,Spring,8.0
2015,South Australia,Spring,8.0
2015,South Australia,Spring,8.0
2015,South Australia,Spring,8.0
2015,South Australia,Summer,10.0
2015,South Australia,Summer,10.0
2015,South Australia,Summer,10.0
2015,South Australia,Summer,10.0
2015,South Australia,Summer,10.0
2015,South Australia,Summer,10.0
2015,South Australia,Summer,10.0
2015,South Australia,Summer,10.0
2015,South Australia,Summer,10.0
2015,South Australia,Summer,10.0
2015,South Australia,Winter,5.0
2015,South Australia,Winter,5.0
2015,South Australia,Winter,5.0
2015,South Australia,Winter,5.0
2015,South Australia,Winter,5.0
2015,Tasmania,Autumn,6.0
2015,Tasmania,Autumn,6.0
2015,Tasmania,Autumn,6.0
2015,Tasmania,Autumn,6.0
2015,Tasmania,Autumn,6.0
2015,Tasmania,Autumn,6.0
2015,Tasmania,Spring,8.0
2015,Tasmania,Spring,8.0
2015,Tasmania,Spring,8.0
2015,Tasmania,Spring,8.0
2015,Tasmania,Spring,8.0
2015,Tasmania,Spring,8.0
2015,Tasmania,Spring,8.0
2015,Tasmania,Spring,8.0
2015,Tasmania,Summer,8.0
2015,Tasmania,Summer,8.0
2015,Tasmania,Summer,8.0
2015,Tasmania,Summer,8.0
2015,Tasmania,Summer,8.0
2015,Tasmania,Summer,8.0
2015,Tasmania,Summer,8.0
2015,Tasmania,Summer,8.0
2015,Tasmania,Winter,6.0
2015,Tasmania,Winter,6.0
2015,Tasmania,Winter,6.0
2015,Tasmania,Winter,6.0
2015,Tasmania,Winter,6.0
2015,Tasmania,Winter,6.0
2015,Victoria,Autumn,6.0
2015,Victoria,Autumn,6.0
2015,Victoria,Autumn,6.0
2015,Victoria,Autumn,6.0
2015,Victoria,Autumn,6.0
2015,Victoria,Autumn,6.0
2015,Victoria,Spring,7.0
2015,Victoria,Spring,7.0
2015,Victoria,Spring,7.0
2015,Victoria,Spring,7.0
2015,Victoria,Spring,7.0
2015,Victoria,Spring,7.0
2015,Victoria,Spring,7.0
2015,Victoria,Summer,9.0
2015,Victoria,Summer,9.0
2015,Victoria,Summer,9.0
2015,Victoria,Summer,9.0
2015,Victoria,Summer,9.0
2015,Victoria,Summer,9.0
2015,Victoria,Summer,9.0
2015,Victoria,Summer,9.0
2015,Victoria,Summer,9.0
2015,Victoria,Winter,4.0
2015,Victoria,Winter,4.0
2015,Victoria,Winter,4.0
2015,Victoria,Winter,4.0
2015,Western Australia,Autumn,8.0
2015,Western Australia,Autumn,8.0
2015,Western Australia,Autumn,8.0
2015,Western Australia,Autumn,8.0
2015,Western Australia,Autumn,8.0
2015,Western Australia,Autumn,8.0
2015,Western Australia,Autumn,8.0
2015,Western Australia,Autumn,8.0
2015,Western Australia,Spring,10.0
2015,Western Australia,Spring,10.0
2015,Western Australia,Spring,10.0
2015,Western Australia,Spring,10.0
2015,Western Australia,Spring,10.0
2015,Western Australia,Spring,10.0
2015,Western Australia,Spring,10.0
2015,Western Australia,Spring,10.0
2015,Western Australia,Spring,10.0
2015,Western Australia,Spring,10.0
2015,Western Australia,Summer,11.0
2015,Western Australia,Summer,11.0
2015,Western Australia,Summer,11.0
2015,Western Australia,Summer,11.0
2015,Western Australia,Summer,11.0
2015,Western Australia,Summer,11.0
2015,Western Australia,Summer,11.0
2015,Western Australia,Summer,11.0
2015,Western Australia,Summer,11.0
2015,Western Australia,Summer,11.0
2015,Western Australia,Summer,11.0
2015,Western Australia,Winter,6.0
2015,Western Australia,Winter,6.0
2015,Western Australia,Winter,6.0
2015,Western Australia,Winter,6.0
2015,Western Australia,Winter,6.0
2015,Western Australia,Winter,6.0
2016,New South Wales,Autumn,7.0
2016,New South Wales,Autumn,7.0
2016,New South Wales,Autumn,7.0
2016,New South Wales,Autumn,7.0
2016,New South Wales,Autumn,7.0
2016,New South Wales,Autumn,7.0
2016,New South Wales,Autumn,7.0
2016,New South Wales,Spring,8.0
2016,New South Wales,Spring,8.0
2016,New South Wales,Spring,8.0
2016,New South Wales,Spring,8.0
2016,New South Wales,Spring,8.0
2016,New South Wales,Spring,8.0
2016,New South Wales,Spring,8.0
2016,New South Wales,Spring,8.0
2016,New South Wales,Summer,8.0
2016,New South Wales,Summer,8.0
2016,New South Wales,Summer,8.0
2016,New South Wales,Summer,8.0
2016,New South Wales,Summer,8.0
2016,New South Wales,Summer,8.0
2016,New South Wales,Summer,8.0
2016,New South Wales,Summer,8.0
2016,New South Wales,Winter,6.0
2016,New South Wales,Winter,6.0
2016,New South Wales,Winter,6.0
2016,New South Wales,Winter,6.0
2016,New South Wales,Winter,6.0
2016,New South Wales,Winter,6.0
2016,Northern Territory,Autumn,9.0
2016,Northern Territory,Autumn,9.0
2016,Northern Territory,Autumn,9.0
2016,Northern Territory,Autumn,9.0
2016,Northern Territory,Autumn,9.0
2016,Northern Territory,Autumn,9.0
2016,Northern Territory,Autumn,9.0
2016,Northern Territory,Autumn,9.0
2016,Northern Territory,Autumn,9.0
2016,Northern Territory,Spring,9.0
2016,Northern Territory,Spring,9.0
2016,Northern Territory,Spring,9.0
2016,Northern Territory,Spring,9.0
2016,Northern Territory,Spring,9.0
2016,Northern Territory,Spring,9.0
2016,Northern Territory,Spring,9.0
2016,Northern Territory,Spring,9.0
2016,Northern Territory,Spring,9.0
2016,Northern Territory,Summer,8.0
2016,Northern Territory,Summer,8.0
2016,Northern Territory,Summer,8.0
2016,Northern Territory,Summer,8.0
2016,Northern Territory,Summer,8.0
2016,Northern Territory,Summer,8.0
2016,Northern Territory,Summer,8.0
2016,Northern Territory,Summer,8.0
2016,Northern Territory,Winter,10.0
2016,Northern Territory,Winter,10.0
2016,Northern Territory,Winter,10.0
2016,Northern Territory,Winter,10.0
2016,Northern Territory,Winter,10.0
2016,Northern Territory,Winter,10.0
2016,Northern Territory,Winter,10.0
2016,Northern Territory,Winter,10.0
2016,Northern Territory,Winter,10.0
2016,Northern Territory,Winter,10.0
2016,Queensland,Autumn,8.0
2016,Queensland,Autumn,8.0
2016,Queensland,Autumn,8.0
2016,Queensland,Autumn,8.0
2016,Queensland,Autumn,8.0
2016,Queensland,Autumn,8.0
2016,Queensland,Autumn,8.0
2016,Queensland,Autumn,8.0
2016,Queensland,Spring,9.0
2016,Queensland,Spring,9.0
2016,Queensland,Spring,9.0
2016,Queensland,Spring,9.0
2016,Queensland,Spring,9.0
2016,Queensland,Spring,9.0
2016,Queensland,Spring,9.0
2016,Queensland,Spring,9.0
2016,Queensland,Spring,9.0
2016,Queensland,Summer,9.0
2016,Queensland,Summer,9.0
2016,Queensland,Summer,9.0
2016,Queensland,Summer,9.0
2016,Queensland,Summer,9.0
2016,Queensland,Summer,9.0
2016,Queensland,Summer,9.0
2016,Queensland,Summer,9.0
2016,Queensland,Summer,9.0
2016,Queensland,Winter,7.0
2016,Queensland,Winter,7.0
2016,Queensland,Winter,7.0
2016,Queensland,Winter,7.0
2016,Queensland,Winter,7.0
2016,Queensland,Winter,7.0
2016,Queensland,Winter,7.0
2016,South Australia,Autumn,7.0
2016,South Australia,Autumn,7.0
2016,South Australia,Autumn,7.0
2016,South Australia,Autumn,7.0
2016,South Australia,Autumn,7.0
2016,South Australia,Autumn,7.0
2016,South Australia,Autumn,7.0
2016,South Australia,Spring,8.0
2016,South Australia,Spring,8.0
2016,South Australia,Spring,8.0
2016,South Australia,Spring,8.0
2016,South Australia,Spring,8.0
2016,South Australia,Spring,8.0
2016,South Australia,Spring,8.0
2016,South Australia,Spring,8.0
2016,South Australia,Summer,10.0
2016,South Australia,Summer,10.0
2016,South Australia,Summer,10.0
2016,South Australia,Summer,10.0
2016,South Australia,Summer,10.0
2016,South Australia,Summer,10.0
2016,South Australia,Summer,10.0
2016,South Australia,Summer,10.0
2016,South Australia,Summer,10.0
2016,South Australia,Summer,10.0
2016,South Australia,Winter,5.0
2016,South Australia,Winter,5.0
2016,South Australia,Winter,5.0
2016,South Australia,Winter,5.0
2016,South Australia,Winter,5.0
2016,Tasmania,Autumn,6.0
2016,Tasmania,Autumn,6.0
2016,Tasmania,Autumn,6.0
2016,Tasmania,Autumn,6.0
2016,Tasmania,Autumn,6.0
2016,Tasmania,Autumn,6.0
2016,Tasmania,Spring,7.0
2016,Tasmania,Spring,7.0
2016,Tasmania,Spring,7.0
2016,Tasmania,Spring,7.0
2016,Tasmania,Spring,7.0
2016,Tasmania,Spring,7.0
2016,Tasmania,Spring,7.0
2016,Tasmania,Summer,8.0
2016,Tasmania,Summer,8.0
2016,Tasmania,Summer,8.0
2016,Tasmania,Summer,8.0
2016,Tasmania,Summer,8.0
2016,Tasmania,Summer,8.0
2016,Tasmania,Summer,8.0
2016,Tasmania,Summer,8.0
2016,Tasmania,Winter,5.0
2016,Tasmania,Winter,5.0
2016,Tasmania,Winter,5.0
2016,Tasmania,Winter,5.0
2016,Tasmania,Winter,5.0
2016,Victoria,Autumn,6.0
2016,Victoria,Autumn,6.0
2016,Victoria,Autumn,6.0
2016,Victoria,Autumn,6.0
2016,Victoria,Autumn,6.0
2016,Victoria,Autumn,6.0
2016,Victoria,Spring,7.0
2016,Victoria,Spring,7.0
2016,Victoria,Spring,7.0
2016,Victoria,Spring,7.0
2016,Victoria,Spring,7.0
2016,Victoria,Spring,7.0
2016,Victoria,Spring,7.0
2016,Victoria,Summer,9.0
2016,Victoria,Summer,9.0
2016,Victoria,Summer,9.0
2016,Victoria,Summer,9.0
2016,Victoria,Summer,9.0
2016,Victoria,Summer,9.0
2016,Victoria,Summer,9.0
2016,Victoria,Summer,9.0
2016,Victoria,Summer,9.0
2016,Victoria,Winter,5.0
2016,Victoria,Winter,5.0
2016,Victoria,Winter,5.0
2016,Victoria,Winter,5.0
2016,Victoria,Winter,5.0
2016,Western Australia,Autumn,7.0
2016,Western Australia,Autumn,7.0
2016,Western Australia,Autumn,7.0
2016,Western Australia,Autumn,7.0
2016,Western Australia,Autumn,7.0
2016,Western Australia,Autumn,7.0
2016,Western Australia,Autumn,7.0
2016,Western Australia,Spring,10.0
2016,Western Australia,Spring,10.0
2016,Western Australia,Spring,10.0
2016,Western Australia,Spring,10.0
2016,Western Australia,Spring,10.0
2016,Western Australia,Spring,10.0
2016,Western Australia,Spring,10.0
2016,Western Australia,Spring,10.0
2016,Western Australia,Spring,10.0
2016,Western Australia,Spring,10.0
2016,Western Australia,Summer,10.0
2016,Western Australia,Summer,10.0
2016,Western Australia,Summer,10.0
2016,Western Australia,Summer,10.0
2016,Western Australia,Summer,10.0
2016,Western Australia,Summer,10.0
2016,Western Australia,Summer,10.0
2016,Western Australia,Summer,10.0
2016,Western Australia,Summer,10.0
2016,Western Australia,Summer,10.0
2016,Western Australia,Winter,6.0
2016,Western Australia,Winter,6.0
2016,Western Australia,Winter,6.0
2016,Western Australia,Winter,6.0
2016,Western Australia,Winter,6.0
2016,Western Australia,Winter,6.0
2017,New South Wales,Autumn,6.0
2017,New South Wales,Autumn,6.0
2017,New South Wales,Autumn,6.0
2017,New South Wales,Autumn,6.0
2017,New South Wales,Autumn,6.0
2017,New South Wales,Autumn,6.0
2017,New South Wales,Summer,8.0
2017,New South Wales,Summer,8.0
2017,New South Wales,Summer,8.0
2017,New South Wales,Summer,8.0
2017,New South Wales,Summer,8.0
2017,New South Wales,Summer,8.0
2017,New South Wales,Summer,8.0
2017,New South Wales,Summer,8.0
2017,New South Wales,Winter,5.0
2017,New South Wales,Winter,5.0
2017,New South Wales,Winter,5.0
2017,New South Wales,Winter,5.0
2017,New South Wales,Winter,5.0
2017,Northern Territory,Autumn,8.0
2017,Northern Territory,Autumn,8.0
2017,Northern Territory,Autumn,8.0
2017,Northern Territory,Autumn,8.0
2017,Northern Territory,Autumn,8.0
2017,Northern Territory,Autumn,8.0
2017,Northern Territory,Autumn,8.0
2017,Northern Territory,Autumn,8.0
2017,Northern Territory,Summer,6.0
2017,Northern Territory,Summer,6.0
2017,Northern Territory,Summer,6.0
2017,Northern Territory,Summer,6.0
2017,Northern Territory,Summer,6.0
2017,Northern Territory,Summer,6.0
2017,Northern Territory,Winter,10.0
2017,Northern Territory,Winter,10.0
2017,Northern Territory,Winter,10.0
2017,Northern Territory,Winter,10.0
2017,Northern Territory,Winter,10.0
2017,Northern Territory,Winter,10.0
2017,Northern Territory,Winter,10.0
2017,Northern Territory,Winter,10.0
2017,Northern Territory,Winter,10.0
2017,Northern Territory,Winter,10.0
2017,Queensland,Autumn,7.0
2017,Queensland,Autumn,7.0
2017,Queensland,Autumn,7.0
2017,Queensland,Autumn,7.0
2017,Queensland,Autumn,7.0
2017,Queensland,Autumn,7.0
2017,Queensland,Autumn,7.0
2017,Queensland,Summer,10.0
2017,Queensland,Summer,10.0
2017,Queensland,Summer,10.0
2017,Queensland,Summer,10.0
2017,Queensland,Summer,10.0
2017,Queensland,Summer,10.0
2017,Queensland,Summer,10.0
2017,Queensland,Summer,10.0
2017,Queensland,Summer,10.0
2017,Queensland,Summer,10.0
2017,Queensland,Winter,7.0
2017,Queensland,Winter,7.0
2017,Queensland,Winter,7.0
2017,Queensland,Winter,7.0
2017,Queensland,Winter,7.0
2017,Queensland,Winter,7.0
2017,Queensland,Winter,7.0
2017,South Australia,Autumn,7.0
2017,South Australia,Autumn,7.0
2017,South Australia,Autumn,7.0
2017,South Australia,Autumn,7.0
2017,South Australia,Autumn,7.0
2017,South Australia,Autumn,7.0
2017,South Australia,Autumn,7.0
2017,South Australia,Summer,9.0
2017,South Australia,Summer,9.0
2017,South Australia,Summer,9.0
2017,South Australia,Summer,9.0
2017,South Australia,Summer,9.0
2017,South Australia,Summer,9.0
2017,South Australia,Summer,9.0
2017,South Australia,Summer,9.0
2017,South Australia,Summer,9.0
2017,South Australia,Winter,7.0
2017,South Australia,Winter,7.0
2017,South Australia,Winter,7.0
2017,South Australia,Winter,7.0
2017,South Australia,Winter,7.0
2017,South Australia,Winter,7.0
2017,South Australia,Winter,7.0
2017,Tasmania,Autumn,6.0
2017,Tasmania,Autumn,6.0
2017,Tasmania,Autumn,6.0
2017,Tasmania,Autumn,6.0
2017,Tasmania,Autumn,6.0
2017,Tasmania,Autumn,6.0
2017,Tasmania,Summer,9.0
2017,Tasmania,Summer,9.0
2017,Tasmania,Summer,9.0
2017,Tasmania,Summer,9.0
2017,Tasmania,Summer,9.0
2017,Tasmania,Summer,9.0
2017,Tasmania,Summer,9.0
2017,Tasmania,Summer,9.0
2017,Tasmania,Summer,9.0
2017,Tasmania,Winter,5.0
2017,Tasmania,Winter,5.0
2017,Tasmania,Winter,5.0
2017,Tasmania,Winter,5.0
2017,Tasmania,Winter,5.0
2017,Victoria,Autumn,7.0
2017,Victoria,Autumn,7.0
2017,Victoria,Autumn,7.0
2017,Victoria,Autumn,7.0
2017,Victoria,Autumn,7.0
2017,Victoria,Autumn,7.0
2017,Victoria,Autumn,7.0
2017,Victoria,Summer,9.0
2017,Victoria,Summer,9.0
2017,Victoria,Summer,9.0
2017,Victoria,Summer,9.0
2017,Victoria,Summer,9.0
2017,Victoria,Summer,9.0
2017,Victoria,Summer,9.0
2017,Victoria,Summer,9.0
2017,Victoria,Summer,9.0
2017,Victoria,Winter,5.0
2017,Victoria,Winter,5.0
2017,Victoria,Winter,5.0
2017,Victoria,Winter,5.0
2017,Victoria,Winter,5.0
2017,Western Australia,Autumn,9.0
2017,Western Australia,Autumn,9.0
2017,Western Australia,Autumn,9.0
2017,Western Australia,Autumn,9.0
2017,Western Australia,Autumn,9.0
2017,Western Australia,Autumn,9.0
2017,Western Australia,Autumn,9.0
2017,Western Australia,Autumn,9.0
2017,Western Australia,Autumn,9.0
2017,Western Australia,Summer,11.0
2017,Western Australia,Summer,11.0
2017,Western Australia,Summer,11.0
2017,Western Australia,Summer,11.0
2017,Western Australia,Summer,11.0
2017,Western Australia,Summer,11.0
2017,Western Australia,Summer,11.0
2017,Western Australia,Summer,11.0
2017,Western Australia,Summer,11.0
2017,Western Australia,Summer,11.0
2017,Western Australia,Summer,11.0
2017,Western Australia,Winter,7.0
2017,Western Australia,Winter,7.0
2017,Western Australia,Winter,7.0
2017,Western Australia,Winter,7.0
2017,Western Australia,Winter,7.0
2017,Western Australia,Winter,7.0
2017,Western Australia,Winter,7.0
